{
  "category": [
    {
      "id": 2,
      "name": "Mens Wear"
    }
  ],
  "brand": [
    {
      "id": 1,
      "name": "Nike"
    },
    {
      "id": 2,
      "name": "Puma"
    }
  ],
  "products": [
    {
      "id": 1,
      "name": "Product1",
      "price": 2000,
      "discount": 10,
      "imgpath": "product1.jpg",
      "catid": 1,
      "brandid": 1
    },
    {
      "id": 2,
      "name": "Product2",
      "price": 2500,
      "discount": 20,
      "imgpath": "product2.jpg",
      "catid": 2,
      "brandid": 2
    },
    {
      "id": 3,
      "name": "Product3",
      "price": 2800,
      "discount": 30,
      "imgpath": "product3.jpg",
      "catid": 3,
      "brandid": 1
    }
  ]
}